{
   "events": [
      {
    "arn": "arn:aws:health:us-east-1::event/CONNECT/AWS_CONNECT_OPERATIONAL_ISSUE/AWS_CONNECT_OPERATIONAL_ISSUE_PAYNO_1558724798",
    "service": "CONNECT",
    "eventTypeCode": "AWS_CONNECT_OPERATIONAL_ISSUE",
    "eventTypeCategory": "issue",
    "region": "us-east-1",
    "startTime": "2020-03-02 15:06:38.316000-04:00",
    "endTime": "2020-03-02 15:16:43.617000-04:00",
    "lastUpdatedTime": "2020-03-02 15:16:43.617000-04:00",
    "statusCode": "closed"      }
   ]
}