{
    "AWSTemplateFormatVersion": "2010-09-09",
    
    "Description": "Resources needed to deploy a scheduled lambda function.\n",

    "Metadata" : {
        "AWS::CloudFormation::Interface" : {
          "ParameterGroups" : [
            {
              "Label" : { "default" : "Communication Channels" },
              "Parameters" : [ "MicrosoftChannelID", "SlackChannelID", "PagerDutyChannelID" ]
            },
            
            {
              "Label" : { "default" : "Select Health Check Frequency and Regions" },
              "Parameters" : [ "HealthAPIFrequency" , "Regions" ]
            }
        
          ]
    }
},
    

    "Parameters": {
      
        "MicrosoftChannelID":{

            "Description": "Enter Microsoft Teams Channel ID",
            "Type": "String",
            "NoEcho" : "true"
        },
        "SlackChannelID":{

            "Description": "Enter Slack Channel ID",
            "Type": "String",
            "NoEcho" : "true"
        },
        "PagerDutyChannelID":{

            "Description": "Enter PagerDuty Service ID",
            "Type": "String",
            "NoEcho" : "true"
        },
        "HealthAPIFrequency": {
            
            "Default": "rate(1 minute)",
            "AllowedValues": [
                "rate(1 minute)",
                "rate(3 minutes)",
                "rate(5 minutes)"
            ],
            "Type": "String"
        },

        "Regions":{
    
            "Default": "N.Virginia, Ohio, N.California, Oregon, CapeTown, HongKong, Mumbai, Osaka, Seoul, Singapore, Sydney, Tokyo, Canada, FrankFurt, Ireland, London, Milan, Paris, Stockholm, Bahrain",
            "Type" : "CommaDelimitedList"
        }   

    },


    "Resources": {
        "LambdaExecutionRole": {
            "Type": "AWS::IAM::Role",
            "Properties": {
                "AssumeRolePolicyDocument": {
                    "Version": "2012-10-17",
                    "Statement": [
                        {
                            "Effect": "Allow",
                            "Principal": {
                                "Service": [
                                    "lambda.amazonaws.com"
                                ]
                            },
                            "Action": [
                                "sts:AssumeRole"
                            ]
                        }
                    ]
                },
                "ManagedPolicyArns": [
                    "arn:aws:iam::aws:policy/service-role/AWSLambdaBasicExecutionRole",
                    "arn:aws:iam::aws:policy/SecretsManagerReadWrite"

                ]
            }
        },
        "LambdaSchedule": {
            "Type": "AWS::Events::Rule",
            "Properties": {
                "Description": "Lambda trigger Event",
                "ScheduleExpression": {
                    "Ref": "HealthAPIFrequency"
                },
                "State": "ENABLED",
                "Targets": [
                    {
                        "Arn": {
                            "Fn::Sub": "${LambdaFunction.Arn}"
                        },
                        "Id": "LambdaSchedule"
                    }
                ]
            }
        },
        "LambdaSchedulePermission": {
            "Type": "AWS::Lambda::Permission",
            "Properties": {
                "Action": "lambda:InvokeFunction",
                "FunctionName": {
                    "Fn::Sub": "${LambdaFunction.Arn}"
                },
                "Principal": "events.amazonaws.com",
                "SourceArn": {
                    "Fn::Sub": "${LambdaSchedule.Arn}"
                }
            }
        },
         
        
            "MicrosoftChannelSecret": {
              "Type": "AWS::SecretsManager::Secret",
              "Properties": {
                "Name": "TEAMS_IDS",
                "Description": "Microsoft Channel ID Secret.",
                "SecretString": {"Ref": "MicrosoftChannelID"},
                "Tags": [
                  {
                    "Key": "HealthCheckMicrosoft",
                    "Value": "ChannelID"
                  }
                ]
              }
            },
          

            "SlackChannelSecret": {
                "Type": "AWS::SecretsManager::Secret",
                "Properties": {
                  "Name": "SlackChannelID",
                  "Description": "Slack Channel ID Secret.",
                  "SecretString": {"Ref": "SlackChannelID"},
                  "Tags": [
                    {
                      "Key": "HealthCheckSlack",
                      "Value": "ChannelID"
                    }
                  ]
                }
              },
            
            "PagerDutySecret": {
                "Type": "AWS::SecretsManager::Secret",
                "Properties": {
                  "Name": "PagerDutyChannelID",
                  "Description": "Slack Channel ID Secret.",
                  "SecretString": {"Ref": "PagerDutyChannelID"},
                  "Tags": [
                    {
                      "Key": "HealthCheckPagerDuty  ",
                      "Value": "ChannelID"
                    }
                  ]
                }
              },

        "LambdaFunction": {
            "Type": "AWS::Lambda::Function",
            "Properties": {
                "Description": "Lambda function that runs healthchecks'\n",
                "Code": {
                    "S3Bucket": "lambdacheckhealth",
                    "S3Key": "aws-health-dial.zip"
                },
                "Handler": "handler.main",
                "MemorySize": 128,
                "Role": {
                    "Fn::Sub": "${LambdaExecutionRole.Arn}"
                },
                "Runtime": "python3.6"
            }
        }
    }
}