{
    "AWSTemplateFormatVersion": "2010-09-09",
    
    "Description": "Resources needed to deploy a scheduled lambda function.\n",

    "Parameters": {
        "LambdaRate": {
            "Description": "How frequent to Trigger health API.\n",
            "Default": "rate(1 minute)",
            "AllowedValues": [
                "rate(1 minute)",
                "rate(3 minutes)",
                "rate(5 minutes)"
            ],
            "Type": "String"
        },
        "Region":{
            "Description": "Select your region",
            "Default": "N. Virginia, Ohio, Oregon",
            "Type": "CommaDelimitedList"
        },
        "CommunicationChannel":{
            "Description": "Choose your Communication Channel",
            "Default": "Slack",
            "AllowedValues" :[
                "MicrosoftTeams",
                "Slack",
                "PagerDuty"
            ],
            "Type": "String"
        },
        "CommunicationChannelID":{

            "Description": "Enter Communcation Channel ID",
            "Type": "String"
        }

    },
    "Resources": {
        "LambdaExecutionRole": {
            "Type": "AWS::IAM::Role",
            "Properties": {
                "AssumeRolePolicyDocument": {
                    "Version": "2012-10-17",
                    "Statement": [
                        {
                            "Effect": "Allow",
                            "Principal": {
                                "Service": [
                                    "lambda.amazonaws.com"
                                ]
                            },
                            "Action": [
                                "sts:AssumeRole"
                            ]
                        }
                    ]
                },
                "ManagedPolicyArns": [
                    "arn:aws:iam::aws:policy/service-role/AWSLambdaBasicExecutionRole"
                ]
            }
        },
        "LambdaSchedule": {
            "Type": "AWS::Events::Rule",
            "Properties": {
                "Description": "Lambda trigger Event",
                "ScheduleExpression": {
                    "Ref": "LambdaRate"
                },
                "State": "ENABLED",
                "Targets": [
                    {
                        "Arn": {
                            "Fn::Sub": "${LambdaFunction.Arn}"
                        },
                        "Id": "LambdaSchedule"
                    }
                ]
            }
        },
        "LambdaSchedulePermission": {
            "Type": "AWS::Lambda::Permission",
            "Properties": {
                "Action": "lambda:InvokeFunction",
                "FunctionName": {
                    "Fn::Sub": "${LambdaFunction.Arn}"
                },
                "Principal": "events.amazonaws.com",
                "SourceArn": {
                    "Fn::Sub": "${LambdaSchedule.Arn}"
                }
            }
        },
        "LambdaFunction": {
            "Type": "AWS::Lambda::Function",
            "Properties": {
                "Description": "Lambda function that runs healthchecks'\n",
                "Code": {
                    "S3Bucket": "lambdacheckhealth",
                    "S3Key": "aws-health-dial.zip"
                },
                "Handler": "handler.main",
                "MemorySize": 128,
                "Role": {
                    "Fn::Sub": "${LambdaExecutionRole.Arn}"
                },
                "Runtime": "python3.6"
            }
        }
    }
}